"","x"
"1","IMAGE:129865"
"2","IMAGE:744047"
"3","IMAGE:769921"
"4","IMAGE:590774"
"5","IMAGE:898286"
"6","IMAGE:825470"
"7","IMAGE:727526"
"8","IMAGE:366971"
"9","IMAGE:882510"
"10","IMAGE:292936"
"11","IMAGE:455128"
"12","IMAGE:66406"
"13","IMAGE:725454"
"14","IMAGE:232837"
"15","IMAGE:781047"
"16","IMAGE:301388"
"17","IMAGE:359119"
"18","IMAGE:209066"
"19","IMAGE:810600"
"20","IMAGE:146882"
"21","IMAGE:788256"
"22","IMAGE:435076"
"23","IMAGE:712505"
"24","IMAGE:686172"
"25","IMAGE:131316"
"26","IMAGE:246808"
"27","IMAGE:68950"
"28","IMAGE:951241"
"29","IMAGE:2017415"
"30","IMAGE:200402"
"31","IMAGE:204214"
"32","IMAGE:810209"
"33","IMAGE:824962"
"34","IMAGE:645565"
"35","IMAGE:2019372"
"36","IMAGE:1540227"
"37","IMAGE:705064"
"38","IMAGE:511096"
"39","IMAGE:128711"
"40","IMAGE:781089"
"41","IMAGE:1540236"
"42","IMAGE:281898"
"43","IMAGE:2062329"
"44","IMAGE:45138"
"45","IMAGE:1035796"
"46","1292535"
"47","IMAGE:461933"
"48","IMAGE:743810"
"49","IMAGE:511786"
"50","IMAGE:703633"
"51","IMAGE:42831"
"52","IMAGE:1536451"
"53","IMAGE:814995"
"54","IMAGE:843049"
"55","IMAGE:1694526"
"56","IMAGE:207920"
"57","IMAGE:511967"
"58","IMAGE:2018976"
"59","IMAGE:50787"
"60","IMAGE:430973"
"61","IMAGE:30170"
"62","IMAGE:1636876"
"63","IMAGE:1470060"
"64","IMAGE:452363"
"65","IMAGE:745138"
"66","IMAGE:612274"
"67","IMAGE:50615"
"68","IMAGE:884653"
"69","IMAGE:1459964"
"70","IMAGE:951287"
"71","IMAGE:884719"
"72","IMAGE:209383"
